,avg_bad_aqi_day_pct_2020_2024,avg_bad_aqi_days_2020_2024,avg_median_aqi_2020_2024,avg_aqi_90th_percentile_2020_2024,avg_max_aqi_2020_2024,avg_pct_days_pm25_main_pollutant_2020_2024,avg_pct_days_ozone_main_pollutant_2020_2024,avg_pct_days_no2_main_pollutant_2020_2024
median_household_income,-0.22986871644269705,-0.2275777467665034,-0.17490222805849664,-0.25187552311378175,-0.07940441521485342,0.14140777351717437,-0.10821571219843264,0.5112278110131375
mean_household_income,-0.2551566349506449,-0.25312589157736104,-0.2156484457796532,-0.2840084814523612,-0.12762146138953467,0.16934532623248158,-0.12577355740864898,0.5476219533246458
per_capita_income,-0.3480495546865353,-0.3464453258838811,-0.35918997260517066,-0.3637958014770061,-0.03128872754431549,0.16335780680052886,-0.11774954648582121,0.52233455095485
poverty_rate_all_people,0.2608961281657616,0.2588470135999321,0.2289004738278735,0.24954625777190845,-0.08890304132505203,-0.01745884355306146,-0.010668921434989737,-0.2534664441101953
unemployment_rate,0.2215628121882416,0.22054433810674257,0.2611261159657978,0.19666314612676625,-0.252150751512826,0.008259990767088898,-0.038971312555943806,-0.17152812565716025
pct_high_school_or_higher,-0.36409047058075106,-0.36524657659434656,-0.4421742921584326,-0.3262859521113791,0.07610666730735373,-0.02238777869869487,0.10035761754083368,0.05711509457746102
pct_bachelors_or_higher,-0.28873656862946473,-0.2872564776177259,-0.26127349921933135,-0.2904458603020869,-0.07118959578933895,0.19946243330064028,-0.15181510648054677,0.4865058484200815
pct_no_health_insurance,0.40320946482108166,0.4013277256301788,0.33416127937326967,0.3976380651163257,0.3008891959650869,0.10519651739826766,-0.17396025267462642,-0.21106846677810556
